date,strategy_cumulative,buy_hold_cumulative
2023-06-30,1.0,1.0005669941453137
2023-07-03,1.0,0.9983877056571389
2023-07-05,1.0,0.9974032434756133
2023-07-06,1.0,1.011120596577024
2023-07-07,1.0,1.0086215726154384
2023-07-10,1.0,1.0108201181272936
2023-07-11,1.0,1.022296701118705
2023-07-12,1.0,1.0189178448683565
2023-07-13,1.0,1.0197464173317217
2023-07-14,1.0,1.016310062658599
2023-07-17,1.0,1.0290289395480408
2023-07-18,1.0,1.029358193290727
2023-07-19,1.0,1.0243982449841316
2023-07-20,1.0,1.0225743125647568
2023-07-21,1.0,1.0193470278172965
2023-07-24,1.0,1.0180915814492166
2023-07-25,1.0,1.0233170042703557
2023-07-26,1.0,1.0114164679684259
2023-07-27,1.0,1.0241807825274385
2023-07-28,1.0,1.027931438043731
2023-07-31,1.0,1.0121459190061413
2023-08-01,1.0,1.0113341158080704
2023-08-02,1.0,1.013735100740848
2023-08-03,1.0,1.0183502602115697
2023-08-04,1.0,1.014056160122407
2023-08-07,1.0,1.009772934545309
2023-08-08,1.0,1.0063818968570981
2023-08-09,1.0,1.0061151086117517
2023-08-10,1.0,1.0045211470517104
2023-08-11,1.0,1.0044936042844572
2023-08-14,1.0,1.0042904002610868
2023-08-15,1.0,1.0004405675101027
2023-08-16,1.0,0.9946204381111446
2023-08-17,1.0,0.9940170923100191
2023-08-18,1.0,0.9986402206012543
2023-08-21,1.0,0.9996283288310364
2023-08-22,1.0,1.0107885221638835
2023-08-23,1.0,1.004199708528161
2023-08-24,1.0,1.0016548730233539
2023-08-25,1.0,1.0054974432442463
2023-08-28,1.0,1.015582896767849
2023-08-29,1.0,1.0172468189772863
2023-08-30,1.0,1.0165838685578499
2023-08-31,1.0,1.0172017005939324
2023-09-01,1.0,1.0107076154454668
2023-09-05,1.0,1.010733407359538
2023-09-06,1.0,1.0125004813353102
2023-09-07,1.0,1.0127822747326831
2023-09-08,1.0,1.012805186556781
2023-09-11,1.0,1.0054192385771912
2023-09-12,1.0,1.0030475478235117
2023-09-13,1.0,1.0046566207564653
2023-09-14,1.0,1.012979099970638
2023-09-15,1.0,1.0177908398248117
2023-09-18,1.0,1.020126276155825
2023-09-19,1.0,1.0265681722711593
2023-09-20,1.0,1.011323992068611
2023-09-21,1.0,1.012201376334491
2023-09-22,1.0,1.0085901251145317
2023-09-25,1.0,1.000709858698301
2023-09-26,1.0,0.9887540261437616
2023-09-27,1.0,0.9819404874918807
2023-09-28,1.0,0.9751002541356099
2023-09-29,1.0,0.9637141598513564
2023-10-02,1.0,0.9646266416742125
2023-10-03,1.0,0.9599070056906547
2023-10-04,1.0,0.9614387354283427
2023-10-05,1.0,0.9660260467597178
2023-10-06,1.0,0.9750366487357287
2023-10-09,1.0,0.9828189701811073
2023-10-10,1.0,0.9888131310600112
2023-10-11,1.0,0.9865823056523721
2023-10-12,1.0,1.0177890922882946
2023-10-13,1.0,1.0147047901208677
2023-10-16,1.0,1.0145401895610044
2023-10-17,1.0,1.0325456275184237
2023-10-18,1.0,1.0395171188049435
2023-10-19,1.0,1.045123858480407
2023-10-20,1.0,1.0423254071336827
2023-10-23,1.0,1.0400064612479962
2023-10-24,1.0,1.0442748654987362
2023-10-25,1.0,1.04821530669243
2023-10-26,1.0,1.0503600815473177
2023-10-27,1.0,1.0560315089214374
2023-10-30,1.0,1.048740485695443
2023-10-31,1.0,1.0451173062842023
2023-11-01,1.0,1.0728469929394757
2023-11-02,1.0,1.0514472316685484
2023-11-03,1.0,1.0451043547443388
2023-11-06,1.0,1.0381008788641888
2023-11-07,1.0,1.030147799512435
2023-11-08,1.0,1.03666493314924
2023-11-09,1.0,1.0212336262398067
2023-11-10,1.0,1.02779737325871
2023-11-13,1.0,1.0351482801653122
2023-11-14,1.0,1.0315660374140045
2023-11-15,1.0,1.046665966844573
2023-11-16,1.0,1.0446242669419474
2023-11-17,1.0,1.0447156135969493
2023-11-20,1.0,1.0565150981359912
2023-11-21,1.0,1.0526372670653474
2023-11-22,1.0,1.0583244130548304
2023-11-24,1.0,1.0630224085631161
2023-11-27,1.0,1.078411384708368
2023-11-28,1.0,1.083019702447305
2023-11-29,1.0,1.0771233595283365
2023-11-30,1.0,1.0948050349496843
2023-12-01,1.0,1.0682905091577917
2023-12-04,1.0,1.0678760703482357
2023-12-05,1.0,1.0729214222650674
2023-12-06,1.0,1.0722657296498859
2023-12-07,1.0,1.0564010749308517
2023-12-08,1.0,1.0466128615342531
2023-12-11,1.0,1.04542077746386
2023-12-12,1.0,1.0484594787631807
2023-12-13,1.0,1.072368855419816
2023-12-14,1.0,1.0677070048423918
2023-12-15,1.0,1.0671783761789948
2023-12-18,1.0,1.0744494284043697
2023-12-19,1.0,1.0721408087098956
2023-12-20,1.0,1.0768357905094015
2023-12-21,1.0,1.0845724782100794
2023-12-22,1.0,1.0856836693722645
2023-12-26,1.0,1.0983238135585383
2023-12-27,1.0,1.0952134115621164
2023-12-28,1.0,1.0765155250292608
2023-12-29,1.0,1.089350755187428
2024-01-02,1.0,1.07411661819614
2024-01-03,1.004718705967171,1.0791850586918594
2024-01-04,1.004718705967171,1.0782340206038987
2024-01-05,1.004718705967171,1.069256561900036
2024-01-08,1.004718705967171,1.067346631870718
2024-01-09,1.004718705967171,1.0659019697643308
2024-01-10,1.004718705967171,1.0606526637525053
2024-01-11,1.004718705967171,1.0783688023288531
2024-01-12,1.004718705967171,1.0646778839297375
2024-01-16,1.004718705967171,1.05529709115295
2024-01-17,1.004718705967171,1.0648627910816317
2024-01-18,1.004718705967171,1.0688117862138002
2024-01-19,1.004718705967171,1.0648182863140625
2024-01-22,1.004718705967171,1.0664943444524877
2024-01-23,1.004718705967171,1.06294288613829
2024-01-24,1.004718705967171,1.0629427780036085
2024-01-25,1.004718705967171,1.063510446719166
2024-01-26,1.004718705967171,1.0676213556868284
2024-01-29,1.004718705967171,1.0713522474983654
2024-01-30,1.004718705967171,1.0797009804619313
2024-01-31,1.004718705967171,1.081395135402681
2024-02-01,1.004718705967171,1.0708661692047348
2024-02-02,1.004718705967171,1.066317547122714
2024-02-05,1.004718705967171,1.0722969392886272
2024-02-06,1.004718705967171,1.0722386606695706
2024-02-07,1.004718705967171,1.0699106026016028
2024-02-08,1.004718705967171,1.0648746030099012
2024-02-09,1.004718705967171,1.062564212486338
2024-02-12,1.004718705967171,1.048936801179211
2024-02-13,1.004718705967171,1.0486337525052025
2024-02-14,1.004718705967171,1.0544508078771968
2024-02-15,1.004718705967171,1.0589741649068218
2024-02-16,1.004718705967171,1.0675441898105504
2024-02-20,1.004718705967171,1.062344959450853
2024-02-21,1.004718705967171,1.062379123628321
2024-02-22,1.004718705967171,1.071466066226504
2024-02-23,1.004718705967171,1.0662798285259767
2024-02-26,1.004718705967171,1.0687864764708177
2024-02-27,1.004718705967171,1.0695013685292412
2024-02-28,1.004718705967171,1.0757115672003723
2024-02-29,1.004718705967171,1.097356270965489
2024-03-01,1.004718705967171,1.1126882788762655
2024-03-04,1.004718705967171,1.1218613802048576
2024-03-05,1.004718705967171,1.1303449465474673
2024-03-06,1.004718705967171,1.133493313770794
2024-03-13,1.004718705967171,1.1269779448031911
2024-03-14,1.004718705967171,1.1258332553140207
2024-03-15,1.004718705967171,1.1265651401231507
2024-03-18,1.004718705967171,1.1239279332872787
2024-03-19,1.004718705967171,1.1271887241872391
2024-03-20,1.004718705967171,1.1401539846755746
2024-03-21,1.004718705967171,1.1297938517374453
2024-03-22,1.004718705967171,1.1435569970864483
2024-03-25,1.004718705967171,1.1415663727143455
2024-03-26,1.004718705967171,1.1484463458491685
2024-03-27,1.004718705967171,1.1627684347480767
2024-03-28,1.004718705967171,1.1727814246254558
2024-04-01,1.004718705967171,1.1862673567372362
2024-04-02,1.004718705967171,1.2029339112331703
2024-04-03,1.004718705967171,1.2003290166921565
2024-04-04,1.004718705967171,1.2212093955477712
2024-04-05,1.004718705967171,1.2217052510862547
2024-04-08,1.004718705967171,1.227487002053323
2024-04-09,1.004718705967171,1.2195425994322024
2024-04-10,1.004718705967171,1.2355253628992258
2024-04-11,1.004718705967171,1.2353202133360268
2024-04-12,1.004718705967171,1.244249387939547
2024-04-15,1.004718705967171,1.2558170821597157
2024-04-16,1.004718705967171,1.248193798846528
2024-04-17,1.004718705967171,1.252698034690808
2024-04-18,1.004718705967171,1.260397455770595
2024-04-19,1.004718705967171,1.2232655411752784
2024-04-22,1.004718705967171,1.2209184212127038
2024-04-23,1.004718705967171,1.2177354635128275
2024-04-24,1.004718705967171,1.2213516799056452
2024-04-25,1.004718705967171,1.2234030656385615
2024-04-26,1.004718705967171,1.23043984345302
2024-04-29,1.004718705967171,1.2028139014369985
2024-04-30,1.004718705967171,1.2079599717243752
2024-05-01,1.004718705967171,1.2062618637968239
2024-05-02,1.004718705967171,1.20615552628607
2024-05-03,1.004718705967171,1.2176283635075715
2024-05-06,1.004718705967171,1.215623140673995
2024-05-07,1.004718705967171,1.214740926907816
2024-05-08,1.004718705967171,1.2243720851901394
2024-05-09,1.004718705967171,1.242779304461289
2024-05-10,1.004718705967171,1.2273611563884024
2024-05-13,1.004718705967171,1.2361645419581344
2024-05-14,1.004718705967171,1.25498748156095
2024-05-15,1.004718705967171,1.2486336076478204
2024-05-16,1.004718705967171,1.2665131589026557
2024-05-17,1.004718705967171,1.2753085318992987
2024-05-20,1.004718705967171,1.2691384757781692
2024-05-21,1.004718705967171,1.252133284688368
2024-05-22,1.004718705967171,1.222998085975447
2024-05-23,1.0038756471688384,1.2219718690944417
2024-05-24,1.0038756471688384,1.2317796820478923
2024-05-28,1.0038756471688384,1.2248819854027388
2024-05-29,1.0038756471688384,1.228587475559513
2024-05-30,1.0038756471688384,1.2174465802166032
2024-05-31,1.0038756471688384,1.2317853788357875
2024-06-03,1.0038756471688384,1.2154814485798966
2024-06-04,1.0227770345744704,1.2383670378545844
2024-06-05,1.0227770345744704,1.2431823643863944
2024-06-06,1.0227770345744704,1.210376836781292
2024-06-07,1.0227770345744704,1.2124806779239583
2024-06-10,1.0227770345744704,1.21240751485402
2024-06-11,1.0227770345744704,1.228366509342765
2024-06-12,1.0227770345744704,1.2086370492724368
2024-06-13,1.0227770345744704,1.2248521184198298
2024-06-14,1.0227770345744704,1.2153020703635022
2024-06-17,1.0227770345744704,1.2241508266701768
2024-06-18,1.0227770345744704,1.2351014395493625
2024-06-20,1.0227770345744704,1.2181298811163759
2024-06-21,1.0283008218900884,1.2247087249490256
2024-06-24,1.0283008218900884,1.2161776450045334
2024-06-25,1.0283008218900884,1.2063803687663177
2024-06-26,1.0283008218900884,1.2220794872565124
2024-06-27,1.0283008218900884,1.221865701259641
2024-06-28,1.0283008218900884,1.220592262870126
2024-07-01,1.0283008218900884,1.219258339468539
2024-07-02,1.0283008218900884,1.2391344927966972
2024-07-03,1.0283008218900884,1.254419687528622
2024-07-05,1.0283008218900884,1.236615215665384
2024-07-08,1.0283008218900884,1.2389728752875109
2024-07-09,1.0283008218900884,1.245853008183181
2024-07-10,1.0283008218900884,1.2683752742043195
2024-07-11,1.0283008218900884,1.2681932121973858
2024-07-12,1.0283008218900884,1.2728962108658124
2024-07-15,1.0283008218900884,1.2946903497225684
2024-07-16,1.0283008218900884,1.2897988987315487
2024-07-17,1.0283008218900884,1.288878025274577
2024-07-18,1.0283008218900884,1.2608218751035154
2024-07-19,1.0274855932675206,1.2598223056597657
2024-07-22,1.0274855932675206,1.265566171846886
2024-07-23,1.0274855932675206,1.2706839368467149
2024-07-24,1.0274855932675206,1.2388901373178047
2024-07-25,1.0274855932675206,1.2536114329777923
2024-07-26,1.0274855932675206,1.2520426915305958
2024-07-29,1.0274855932675206,1.266974790823018
2024-07-30,1.0274855932675206,1.2781255715657553
2024-07-31,1.0274855932675206,1.2822780844711887
2024-08-01,1.0274855932675206,1.277778892447097
2024-08-02,1.0274855932675206,1.2650065856802084
2024-08-05,1.0253579514645257,1.2623871028277065
2024-08-06,1.0253579514645257,1.2621087660297443
2024-08-07,1.0253579514645257,1.278959609118128
2024-08-08,1.0253579514645257,1.2848999540654014
2024-08-09,1.0253579514645257,1.3003004413000856
2024-08-12,1.0253579514645257,1.301643286158222
2024-08-13,1.0253579514645257,1.2871147424011693
2024-08-14,1.0253579514645257,1.295724377007337
2024-08-15,1.0253579514645257,1.3193928958200694
2024-08-16,1.0253579514645257,1.320161998298482
2024-08-19,1.0253579514645257,1.32499808309763
2024-08-20,1.0253579514645257,1.3219027505675327
2024-08-21,1.0253579514645257,1.308059260496614
2024-08-22,1.0253579514645257,1.3244461273548471
2024-08-23,1.0253579514645257,1.3273484698217437
2024-08-26,1.0253579514645257,1.3275585021492666
2024-08-27,1.0253579514645257,1.3202400859877033
2024-08-28,1.0253579514645257,1.3335949315979496
2024-08-29,1.0253579514645257,1.3160236962062417
2024-08-30,1.0253579514645257,1.3144697724993468
2024-09-03,1.0253579514645257,1.3166782686890508
2024-09-04,1.0253579514645257,1.3266920550564105
2024-09-05,1.0253579514645257,1.3172533421753139
2024-09-06,1.0253579514645257,1.3216223210224822
2024-09-09,1.0253579514645257,1.3271423751648708
2024-09-10,1.0253579514645257,1.3270541095864692
2024-09-11,1.0253579514645257,1.3478792467657525
2024-09-12,1.0253579514645257,1.3628435765261224
2024-09-13,1.0253579514645257,1.3615568389100448
2024-09-16,1.0253579514645257,1.3530487745846473
2024-09-17,1.0253579514645257,1.354591912156732
2024-09-18,1.0253579514645257,1.3624235673593525
2024-09-19,1.0253579514645257,1.3779479163336397
2024-09-20,1.0253579514645257,1.3793111286558781
2024-09-23,1.0253579514645257,1.393491442119709
2024-09-24,1.0253579514645257,1.3978300467271783
2024-09-25,1.0253579514645257,1.4044034930526952
2024-09-26,1.0253579514645257,1.3908212549930543
2024-09-30,1.0253579514645257,1.409146781721025
2024-10-01,1.0253579514645257,1.3992224420756838
2024-10-02,1.0253579514645257,1.405303748458634
2024-10-03,1.0253579514645257,1.4008246547501497
2024-10-04,1.0253579514645257,1.4006019345591716
2024-10-07,1.0253579514645257,1.3837710048028056
2024-10-08,1.0253579514645257,1.3781954095018625
2024-10-09,1.0253579514645257,1.3863726282215905
2024-10-10,1.0253579514645257,1.4060103263723385
2024-10-11,1.0253579514645257,1.4045351154515873
2024-10-14,1.0253579514645257,1.4097398640363759
2024-10-15,1.0253579514645257,1.4165438487460233
2024-10-16,1.0253579514645257,1.425262949975878
2024-10-17,1.0253579514645257,1.4375338129195423
2024-10-18,1.0253579514645257,1.4427690858723343
2024-10-21,1.0253579514645257,1.4540313313795603
2024-10-22,1.0253579514645257,1.4384211806518983
2024-10-23,1.0253579514645257,1.449001860852587
2024-10-24,1.0253579514645257,1.4524261674902283
2024-10-25,1.0253579514645257,1.453835086911762
2024-10-28,1.0253579514645257,1.4673649760587288
2024-10-29,1.0253579514645257,1.477781663344442
2024-10-30,1.0253579514645257,1.4511744863034306
2024-10-31,1.0253579514645257,1.4513748458418967
2024-11-01,1.0253579514645257,1.450775864976229
2024-11-04,1.0253579514645257,1.4533291979616862
2024-11-05,1.0253579514645257,1.4141639939741757
2024-11-06,1.0253579514645257,1.4327858150238064
2024-11-07,1.0253579514645257,1.4279331508012638
2024-11-08,1.0253579514645257,1.3886520321592877
2024-11-11,1.0211245762154544,1.3829187317697804
2024-11-12,1.0211245762154544,1.3726869523760903
2024-11-13,1.0211245762154544,1.3664334128633373
2024-11-14,1.0211245762154544,1.36592475876756
2024-11-15,1.0211245762154544,1.3898895330755354
2024-11-18,1.0211245762154544,1.3973661473731018
2024-11-19,1.0211245762154544,1.4085742274175577
2024-11-20,1.0211245762154544,1.4210425698554634
2024-11-21,1.0211245762154544,1.4429413524360335
2024-11-22,1.0211245762154544,1.3925059251673442
2024-11-25,1.0211245762154544,1.3934024437684605
2024-11-26,1.0211245762154544,1.4031862423800354
2024-11-27,1.0211245762154544,1.4144941932495834
2024-11-29,1.0211245762154544,1.4041469477556052
2024-12-02,1.0211245762154544,1.4123712679894644
2024-12-03,1.0211245762154544,1.4163279031039633
2024-12-04,1.0211245762154544,1.4022070215592013
2024-12-05,1.0211245762154544,1.4082273909858638
2024-12-06,1.0211245762154544,1.4219647213378515
2024-12-09,1.0211245762154544,1.4424954776296668
2024-12-10,1.0211245762154544,1.4623128517038317
2024-12-11,1.0211245762154544,1.4372606739294382
2024-12-12,1.008943189162546,1.4201150396230475
2024-12-13,1.008943189162546,1.417033826661233
2024-12-16,1.008943189162546,1.415214184303054
2024-12-17,1.008943189162546,1.4109547958875015
2024-12-18,1.008943189162546,1.3913329140008537
2024-12-19,1.0245182584323285,1.412810938478008
2024-12-20,1.0245182584323285,1.3984912530416382
2024-12-23,1.0245182584323285,1.4051546134295874
2024-12-24,1.0245182584323285,1.4204677030707906
2024-12-26,1.0245182584323285,1.406325025806333
2024-12-27,1.0245182584323285,1.402415316754452
2024-12-30,1.0245182584323285,1.421483879417903
2024-12-31,1.0245182584323285,1.4375261502945536
2025-01-02,1.0245182584323285,1.430316312215827
2025-01-03,1.0245182584323285,1.4259989994926403
2025-01-06,1.0245182584323285,1.4345787770971663
2025-01-07,1.0245182584323285,1.4409031994517283
2025-01-08,1.0245182584323285,1.4530485323870221
2025-01-09,1.0245182584323285,1.4666347666488972
2025-01-10,1.0245182584323285,1.4521981728435809
2025-01-13,1.0245182584323285,1.4621768834270326
2025-01-14,1.0245182584323285,1.4793210294052135
2025-01-15,1.0245182584323285,1.4960020486582244
2025-01-16,1.0245182584323285,1.497886691573187
2025-01-17,1.0245182584323285,1.4968685194925964
2025-01-21,1.0245182584323285,1.5079145774566336
2025-01-22,1.0245182584323285,1.5058250744932928
2025-01-23,1.0245182584323285,1.5129948356187097
2025-01-24,1.0245182584323285,1.487220624623602
2025-01-27,1.0386718762927594,1.507766429661067
2025-01-28,1.0386718762927594,1.5110477845302737
2025-01-29,1.0386718762927594,1.5414562985094533
2025-01-30,1.0386718762927594,1.5358363930665704
2025-01-31,1.0386718762927594,1.5458613194064057
2025-02-03,1.0386718762927594,1.5634461517021367
2025-02-04,1.0386718762927594,1.5768523543456143
2025-02-05,1.0386718762927594,1.5719579449014194
2025-02-06,1.0386718762927594,1.5827711625457446
2025-02-07,1.0386718762927594,1.6073342792922058
2025-02-10,1.0386718762927594,1.6059192686497725
2025-02-11,1.0386718762927594,1.591542984460559
2025-02-12,1.0386718762927594,1.6019470698877145
2025-02-13,1.0386718762927594,1.5766086388708556
2025-02-14,1.0386718762927594,1.6047131651817452
2025-02-18,1.0386718762927594,1.5986311271102525
2025-02-19,1.0386718762927594,1.6096447606503135
2025-02-20,1.0386718762927594,1.6005254661845816
2025-02-21,1.0386718762927594,1.6075900897531565
2025-02-24,1.0386718762927594,1.586864226043009
2025-02-25,1.0386718762927594,1.6007736934299628
2025-02-26,1.0386718762927594,1.5838054268721342
2025-02-27,1.0386718762927594,1.561263334307544
2025-02-28,1.0386718762927594,1.5931478644144486
2025-03-03,1.0386718762927594,1.601377188528402
2025-03-04,1.0386718762927594,1.6024456004883814
2025-03-05,1.0386718762927594,1.5971365504625379
2025-03-06,1.0386718762927594,1.5950043947455486
2025-03-07,1.0386718762927594,1.5864794905201427
2025-03-10,1.0386718762927594,1.6036615463772086
2025-03-11,1.0386718762927594,1.6152146895172468
2025-03-12,1.0386718762927594,1.6426972463387806
2025-03-13,1.0386718762927594,1.64041369207979
2025-03-14,1.0386718762927594,1.6437462947874173
2025-03-17,1.0386718762927594,1.6625457720430115
2025-03-18,1.0386718762927594,1.6564729917635865
2025-03-19,1.0386718762927594,1.6541310084059335
2025-03-20,1.0386718762927594,1.6422501101725628
2025-03-21,1.0386718762927594,1.6328460159026053
2025-03-24,1.0386718762927594,1.6299215009647132
2025-03-25,1.0386718762927594,1.6295221621813574
2025-03-26,1.0386718762927594,1.6604607659957047
2025-03-27,1.0386718762927594,1.6669406482264548
2025-03-28,1.0386718762927594,1.6834732631122262
2025-03-31,1.0386718762927594,1.6799810022400226
2025-04-01,1.0386718762927594,1.6941024999387777
2025-04-02,1.0386718762927594,1.671758464033377
2025-04-03,1.0386718762927594,1.6188842344768057
2025-04-04,1.0206802759588296,1.5908423486816838
2025-04-07,1.0325679587563372,1.6093706083800545
2025-04-08,1.0682601136191288,1.6650007531069073
2025-04-09,1.0998727610907868,1.7142725373633587
2025-04-10,1.0998727610907868,1.7517124854256003
2025-04-11,1.0998727610907868,1.7408919462780965
2025-04-14,1.0998727610907868,1.7454362792714917
2025-04-15,1.0998727610907868,1.7972793229196349
2025-04-16,1.0998727610907868,1.7853937684179377
2025-04-17,1.0998727610907868,1.8380053364022435
2025-04-21,1.0998727610907868,1.8251980859841823
2025-04-22,1.0998727610907868,1.7598970263534301
2025-04-23,1.0998727610907868,1.7954341458227623
2025-04-24,1.0998727610907868,1.763688769402598
2025-04-25,1.0998727610907868,1.7932883369721166
2025-04-28,1.0998727610907868,1.7812183206053902
2025-04-29,1.0998727610907868,1.7740304229476171
2025-04-30,1.0998727610907868,1.7100977117864105
2025-05-01,1.0998727610907868,1.7251357414222175
2025-05-02,1.0998727610907868,1.763962155898753
2025-05-05,1.0998727610907868,1.810718270435105
2025-05-06,1.0998727610907868,1.8069928151059667
2025-05-07,1.0998727610907868,1.7621751547329296
2025-05-08,1.1294149040657588,1.8095064754180927
2025-05-09,1.1294149040657588,1.7332245733024
2025-05-12,1.1294149040657588,1.7351128848073025
2025-05-13,1.1294149040657588,1.7054699207703123
2025-05-14,1.1294149040657588,1.7352109496704156
2025-05-15,1.1294149040657588,1.7135043073679674
2025-05-16,1.1294149040657588,1.739887166292399
2025-05-19,1.1294149040657588,1.764933781651571
2025-05-20,1.1294149040657588,1.7839573978476644
2025-05-21,1.1294149040657588,1.7761252582936748
2025-05-22,1.1294149040657588,1.8225309362983069
2025-05-23,1.1294149040657588,1.7706016248194232
2025-05-27,1.1302104858991018,1.7718488710543745
2025-05-28,1.1302104858991018,1.785022219507088
2025-05-29,1.1302104858991018,1.7693369246919377
2025-05-30,1.1302104858991018,1.8167519377912014
2025-06-02,1.1302104858991018,1.8023653930187589
2025-06-03,1.1302104858991018,1.8222376363896502
2025-06-04,1.1302104858991018,1.8140481159184692
2025-06-05,1.1302104858991018,1.7983300743310726
2025-06-06,1.1302104858991018,1.801481458399152
2025-06-09,1.1302104858991018,1.7948128121452225
2025-06-10,1.1302104858991018,1.7928690120870565
2025-06-11,1.1302104858991018,1.8211423415614951
2025-06-12,1.1302104858991018,1.8529638164751436
2025-06-13,1.1302104858991018,1.8461745783117505
2025-06-16,1.1302104858991018,1.8377530017032195
2025-06-17,1.1302104858991018,1.8450119223995918
2025-06-18,1.1302104858991018,1.8378942342505455
2025-06-20,1.1302104858991018,1.8430581063092155
2025-06-23,1.1302104858991018,1.8028940610440989
2025-06-24,1.1302104858991018,1.8012839400936163
2025-06-25,1.1302104858991018,1.8068770789497288
2025-06-26,1.1302104858991018,1.7674545332814597
2025-06-27,1.1302104858991018,1.7742474638823034
2025-06-30,1.1302104858991018,1.802468894087231
2025-07-01,1.1302104858991018,1.8070708509306888
2025-07-02,1.1302104858991018,1.799296196622676
2025-07-03,1.1302104858991018,1.7919063046114758
2025-07-04,1.1302104858991018,1.795466264257766
2025-07-07,1.1302104858991018,1.790134977885886
2025-07-08,1.1302104858991018,1.7887723421658102
2025-07-09,1.1302104858991018,1.791928255784397
2025-07-10,1.1302104858991018,1.8133347294266937
2025-07-11,1.1302104858991018,1.812730210089527
2025-07-14,1.1302104858991018,1.8040803291974175
2025-07-15,1.1302104858991018,1.8169010831829417
2025-07-16,1.1302104858991018,1.8079095244818648
2025-07-17,1.1302104858991018,1.8183004483272946
2025-07-18,1.1302104858991018,1.84700733483124
2025-07-21,1.1302104858991018,1.868271007526927
2025-07-22,1.1302104858991018,1.8469265852588055
2025-07-23,1.1302104858991018,1.8355440933749523
2025-07-24,1.1302104858991018,1.8160612084213201
2025-07-25,1.1302104858991018,1.804078919021903
2025-07-28,1.1302104858991018,1.8175615635043711
2025-07-29,1.1302104858991018,1.8083994556625802
2025-07-30,1.1302104858991018,1.8204923668743336
2025-07-31,1.1302104858991018,1.8458689081848882
2025-08-01,1.1302104858991018,1.8553996415404481
2025-08-04,1.1302104858991018,1.873334843360215
2025-08-05,1.1302104858991018,1.8686567820282307
2025-08-06,1.1302104858991018,1.8807240983730855
2025-08-07,1.1302104858991018,1.8950472897796502
2025-08-08,1.1302104858991018,1.8488230859217634
2025-08-11,1.1302104858991018,1.8502260474290733
2025-08-12,1.1302104858991018,1.8541819890276074
2025-08-13,1.1302104858991018,1.8381483179174423
2025-08-14,1.1302104858991018,1.8436730955372695
2025-08-15,1.1302104858991018,1.8375380854645276
2025-08-18,1.1302104858991018,1.822898910940158
2025-08-19,1.1302104858991018,1.8348524314648527
2025-08-20,1.1302104858991018,1.8300045525185822
2025-08-21,1.1302104858991018,1.8564226296626036
2025-08-22,1.1302104858991018,1.8568729060644218
2025-08-25,1.1302104858991018,1.870966106851622
2025-08-26,1.1302104858991018,1.8796308414355705
2025-08-27,1.1302104858991018,1.8959106975027975
2025-08-28,1.1302104858991018,1.9175827892476074
2025-08-29,1.1302104858991018,1.968536219486779
2025-09-02,1.1302104858991018,1.992757890532857
2025-09-05,1.1302104858991018,2.006340715054422
2025-09-08,1.1302104858991018,2.004519438372892
2025-09-09,1.1302104858991018,2.010102941898498
2025-09-10,1.1302104858991018,2.0026561070025295
2025-09-11,1.1302104858991018,2.014427722907207
2025-09-12,1.1302104858991018,2.0327562725040154
2025-09-15,1.1302104858991018,2.032906966489183
2025-09-16,1.1302104858991018,2.023493803875856
2025-09-17,1.1302104858991018,2.0031489563227427
2025-09-18,1.1302104858991018,2.0252330669223517
2025-09-19,1.1302104858991018,2.060884895060477
2025-09-22,1.1302104858991018,2.0877187112860356
2025-09-23,1.1302104858991018,2.0726896402317188
2025-09-24,1.1302104858991018,2.0746683421780894
2025-09-25,1.1302104858991018,2.095857633464845
2025-09-26,1.1302104858991018,2.118871409990132
2025-09-29,1.1302104858991018,2.1305721837157643
2025-09-30,1.1302104858991018,2.1486773010119937
2025-10-01,1.1302104858991018,2.1294456898509817
2025-10-02,1.1302104858991018,2.153142074213625
2025-10-03,1.1302104858991018,2.191071221632673
2025-10-06,1.1302104858991018,2.206316161031011
2025-10-07,1.1302104858991018,2.243866565513484
2025-10-08,1.1302104858991018,2.190889382420526
2025-10-09,1.1302104858991018,2.2095155545270484
2025-10-10,1.1302104858991018,2.2804831698399006
2025-10-13,1.1302104858991018,2.294803938287997
2025-10-14,1.1302104858991018,2.3190512903156324
2025-10-15,1.1302104858991018,2.350360637382461
2025-10-16,1.1302104858991018,2.3055223121596744
2025-10-17,1.1302104858991018,2.386449461475549
2025-10-20,1.1302104858991018,2.246456196959036
2025-10-21,1.1302104858991018,2.225735642670364
2025-10-22,1.1302104858991018,2.2636257821557324
2025-10-23,1.1302104858991018,2.2607266340950987
2025-10-24,1.1302104858991018,2.198027297738077
2025-10-27,1.1302104858991018,2.1881692116127023
2025-10-28,1.1302104858991018,2.197908804955698
2025-10-29,1.1302104858991018,2.210624282428563
2025-10-30,1.1302104858991018,2.207266465743446
2025-10-31,1.1302104858991018,2.220823820636652
2025-11-03,1.1302104858991018,2.190338337462349
2025-11-04,1.139654294663271,2.2086403587636
2025-11-05,1.139654294663271,2.2040602649121857
2025-11-06,1.139654294663271,2.2177629648138164
2025-11-07,1.139654294663271,2.279705714248602
2025-11-10,1.139654294663271,2.2781946317170854
2025-11-11,1.139654294663271,2.326011030651516
2025-11-12,1.139654294663271,2.3196678728295423
2025-11-13,1.139654294663271,2.270330143523013
2025-11-14,1.139654294663271,2.256198786437645
2025-11-17,1.139654294663271,2.251145973153565
2025-11-18,1.139654294663271,2.258219198800922
2025-11-19,1.139654294663271,2.244713058895905
2025-11-20,1.139654294663271,2.261117257597375
2025-11-21,1.139654294663271,2.2936476492123985
2025-11-24,1.139654294663271,2.3075756939896435
2025-11-25,1.139654294663271,2.322143447975177
2025-11-26,1.139654294663271,2.357397607663155
2025-11-28,1.139654294663271,2.368741074243808
2025-12-01,1.139654294663271,2.3461726028922207
2025-12-02,1.139654294663271,2.361285813378576
2025-12-03,1.139654294663271,2.374986342403598
2025-12-04,1.139654294663271,2.3668046016180813
2025-12-05,1.139654294663271,2.355026935139947
2025-12-08,1.139654294663271,2.3710451816511537
2025-12-09,1.139654294663271,2.3596473764303294
2025-12-10,1.139654294663271,2.4064280868844965
2025-12-11,1.139654294663271,2.42699630025709
2025-12-12,1.139654294663271,2.439447631200963
2025-12-15,1.139654294663271,2.4435823303301474
2025-12-16,1.139654294663271,2.472668770016591
2025-12-17,1.139654294663271,2.4535947144855785
2025-12-18,1.139654294663271,2.461670560272878
2025-12-19,1.139654294663271,2.4895690400166526
2025-12-22,1.139654294663271,2.511916237243951
2025-12-23,1.139654294663271,2.507993721529794
2025-12-24,1.139654294663271,2.552078775902056
2025-12-26,1.139654294663271,2.4296464865000003
2025-12-29,1.139654294663271,2.456857648935698
2025-12-30,1.139654294663271,2.4283070830295013
2025-12-31,1.139654294663271,2.4272131769251812
2026-01-02,1.139654294663271,2.4973812465727634
2026-01-05,1.139654294663271,2.529213931965564
2026-01-06,1.139654294663271,2.5087874241084664
2026-01-07,1.139654294663271,2.500618002651358
2026-01-08,1.139654294663271,2.524585256692811
2026-01-09,1.139654294663271,2.5981985778797982
2026-01-12,1.1446921388934554,2.5867132355477076
2026-01-13,1.1446921388934554,2.611683659888192
2026-01-14,1.1446921388934554,2.603445817569009
2026-01-15,1.1446921388934554,2.5928303267893815
2026-01-16,1.1446921388934554,2.7057319577684975
2026-01-20,1.1446921388934554,2.7532391097133293
2026-01-21,1.1446921388934554,2.8099620040357824
2026-01-22,1.1446921388934554,2.8492099780640916
2026-01-23,1.1446921388934554,2.906650596003838
2026-01-26,1.141993661820278,2.913502682889519
2026-01-27,1.0944775354870242,3.034727840419543
2026-01-28,1.084933910629881,3.061190059253121
2026-02-02,1.084933910629881,3.196359100735595
2026-02-03,1.084933910629881,3.2135454622493227
2026-02-04,1.084933910629881,3.1645521289758065
2026-02-05,1.107301918324256,3.2297954822129507
2026-02-06,1.107301918324256,3.304798991384981
2026-02-09,1.107301918324256,3.2824675356666986
2026-02-10,1.107301918324256,3.318339476289616
2026-02-11,1.107301918324256,3.226825165983308
2026-02-12,1.1272728305407278,3.285023062204132
2026-02-13,1.1272728305407278,3.20175404222095
2026-02-17,1.1272728305407278,3.2640380404251417
2026-02-18,1.1275925068391746,3.2631124121562047
2026-02-19,1.1275925068391746,3.3268524390880443
2026-02-20,1.1275925068391746,3.410640819311472
2026-02-23,1.1275925068391746,3.38952622925967
2026-02-24,1.1275925068391746,3.418952142250109
2026-02-25,1.1336612824843477,3.400551121165762
2026-02-26,1.1336612824843477,3.4381557336742676
2026-02-27,1.1336612824843477,3.4829197888808565
2026-03-02,1.1336612824843477,3.3777492359430834
2026-03-03,1.1420283763847199,3.402679032404961
2026-03-04,1.1420283763847199,3.3703799415999116
2026-03-05,1.1420283763847199,3.411650829369325
2026-03-06,1.1420283763847199,3.380943707319998
2026-03-09,1.1420283763847199,3.445687096468368
2026-03-10,1.1420283763847199,3.439887189675575
2026-03-11,1.1420283763847199,3.407891173069079
2026-03-12,1.1420283763847199,3.3716031324700193
2026-03-13,1.1420283763847199,3.338830691301869
2026-03-16,1.1420283763847199,3.333364252239664
2026-03-17,1.1420283763847199,3.2631471496739253
2026-03-18,1.1420283763847199,3.098578866798324
2026-03-19,1.1325079741801247,3.0727478824860386
2026-03-20,1.1008319162186289,2.9868036399325546
2026-03-23,1.0920009547819027,2.9628432628988643
2026-03-24,1.1421484588096396,3.0989046773226714
2026-03-25,1.1421484588096396,2.992639577947696
2026-03-26,1.1678013388965045,3.0598548542492625
2026-03-27,1.1678013388965045,3.0984545287520535
2026-03-30,1.1678013388965045,3.167403984680346
2026-03-31,1.1678013388965045,3.229705038431237
2026-04-01,1.1678013388965045,3.1467602884987818
